Wall time,Step,Value
1717854419.004074,500,4.232023239135742
1717855234.2751703,1000,2.8083395957946777
1717856346.4421544,1500,2.399710178375244
1717857525.701631,2000,2.242795705795288
1717858568.9451237,2500,2.1839897632598877
