Wall time,Step,Value
1717936212.818826,100,0.6007015705108643
1717936408.17983,200,0.1874609887599945
1717936617.1878066,300,0.20566494762897491
1717936829.8064861,400,0.22110792994499207
1717937039.5906749,500,0.3207867443561554
1717937268.4595075,600,0.3770277202129364
1717937475.3563387,700,0.40823638439178467
1717937679.8347661,800,0.4675885736942291
