Wall time,Step,Value
1717849548.478859,500,4.424876689910889
1717850303.2919862,1000,2.614164113998413
1717851066.2409847,1500,2.32608699798584
1717851823.3093593,2000,2.172657012939453
1717852600.892899,2500,2.1433846950531006
